INSERT INTO sex VALUES('Femme');
INSERT INTO sex VALUES('Homme');
INSERT INTO sex VALUES('Non-binaire');
INSERT INTO sex VALUES('Genderfluid');
INSERT INTO sex VALUES('Pangender');
INSERT INTO sex VALUES('Transgender');
INSERT INTO sex VALUES('Animal');
INSERT INTO sex VALUES('Other');

INSERT INTO diet VALUES(default, 'Végétarien');
INSERT INTO diet VALUES(default, 'Sans gluten');
INSERT INTO diet VALUES(default, 'Halal');
INSERT INTO diet VALUES(default, 'Végan');
INSERT INTO diet VALUES(default, 'Sans arachide');
INSERT INTO diet VALUES(default, 'Casher');

INSERT INTO RelationType VALUES(default,'/Images/Relation/hotdog.png','Plan HOT régulier','Tu cherches un plan HOT régulier car tu aimes croquer la vie à pleine dent !');
INSERT INTO RelationType VALUES(default,'/Images/Relation/hotchocolate.png','Rencontre Amicale','Tu souhaites rencontrer de nouveaux amis pour des moments conviviaux !');
INSERT INTO RelationType VALUES(default,'/Images/Relation/pizzarela.png','Relation sérieuse','Tu souhaite trouver la bonne personne qui comblera tes appétits !');
INSERT INTO RelationType VALUES(default,'/Images/Relation/guacamole.png', 'Juste pour ce soir','Tu veux rencontrer quelqu''un pour une nuit caliente !');


INSERT INTO city VALUES(default, 'Evry', '91000');
INSERT INTO city VALUES(default, 'Choisy-le-Roi', '94600');
INSERT INTO city VALUES(default, 'Provins', '77160');
INSERT INTO city VALUES(default, 'Paris', '75000');
INSERT INTO city VALUES(default, 'Ris-Orangis', '91130');
INSERT INTO city VALUES(default, 'Nangis', '77370');
INSERT INTO city VALUES(default, 'Melun', '77000');
INSERT INTO city VALUES(default, 'Marne-la-Vallée', '77420');
INSERT INTO city VALUES(default, 'Nancy', '54000');
INSERT INTO city VALUES(default, 'Marseille', '13000');
INSERT INTO city VALUES(default, 'Lyon', '69000');
INSERT INTO city VALUES(default, 'Troyes', '10420');
INSERT INTO city VALUES(default, 'Saint-Brice', '77160');
INSERT INTO city VALUES(default, 'Poigny', '77160');
INSERT INTO city VALUES(default, 'Viry-Chatillon', '91170');
INSERT INTO city VALUES(default, 'Grigny', '91350');
INSERT INTO city VALUES(default, 'Lognes', '77185');
INSERT INTO city VALUES(default, 'Epinal', '88000');
INSERT INTO city VALUES(default, 'Le Lavandou', '83980');
INSERT INTO city VALUES(default, 'Borme les Mimosas', '83230');
INSERT INTO city VALUES(default, 'La favière', '83230');
INSERT INTO city VALUES(default, 'Maison Rouge', '77370');
INSERT INTO city VALUES(default, 'Maisons-Alfort', '94700');
INSERT INTO city VALUES(default, 'Rungis', '94150');
INSERT INTO city VALUES(default, 'Plailly', '60128');
INSERT INTO city VALUES(default, 'Strastbourg', '67000');
INSERT INTO city VALUES(default, 'Nantes', '44000');
INSERT INTO city VALUES(default, 'Lille', '59000');
INSERT INTO city VALUES(default, 'Perpignan', '66000');


INSERT INTO FeediieUser VALUES
    (default, 'jzpeerz58aze', 'Leanna', '1999-04-11','leiina77410@gmail.com','$2y$10$DMjYUV76Y7GYJlC45pTOKOG8UjFw.tnEfm1WgIqlLzoiImYEKf4ra', 
    'balbalbal', default, default, default, default, 'token', true, 1, default, 'Femme');


INSERT INTO FeediieUser VALUES
    (default, 'arjaze98e58a5ab','Valentin', '1998-02-14','valentinbgdu54@gmail.com','$2y$10$DMjYUV76Y7GYJlC45pTOKOG8UjFw.tnEfm1WgIqlLzoiImYEKf4ra', 'Je suis valentin je viens de Nancy',
        default, default, default , default,'token2', true, 1, 5, 'Homme');

INSERT INTO FeediieUser VALUES
    (default, 'brjaze98e58a5ab','Naruto', '1992-01-30','naruto@gmail.com','$2y$10$DMjYUV76Y7GYJlC45pTOKOG8UjFw.tnEfm1WgIqlLzoiImYEKf4ra', 'balbalbal',
        default, default, default, default,'token3', default, 1, default, 'Homme');

INSERT INTO FeediieUser VALUES
    (default, 'crjaze98e58a5ab','Sakura', '1999-04-11','Sakura@gmail.com','$2y$10$DMjYUV76Y7GYJlC45pTOKOG8UjFw.tnEfm1WgIqlLzoiImYEKf4ra', 'balbalbal',
        default, default, default, default,'token4', default, 1, default, 'Femme');

INSERT INTO FeediieUser VALUES
    (default, 'drjaze98e58a5ab','Sasuke', '1999-04-11','sasuke@gmail.com','$2y$10$DMjYUV76Y7GYJlC45pTOKOG8UjFw.tnEfm1WgIqlLzoiImYEKf4ra', 'balbalbal',
        default, default, default, default,'token5', default, 1, default, 'Homme');

INSERT INTO FeediieUser VALUES
    (default, 'erjaze98e58conta5ab','Itachi', '1985-04-11','itachi@gmail.com','$2y$10$DMjYUV76Y7GYJlC45pTOKOG8UjFw.tnEfm1WgIqlLzoiImYEKf4ra', 'balbalbal',
        default, default, default, default, 'token6', default, 1, default, 'Homme');

INSERT INTO FeediieUser VALUES
    (default, 'frjaze98e58conta5ab','Pierre', '1985-04-11','pierre@gmail.com','$2y$10$DMjYUV76Y7GYJlC45pTOKOG8UjFw.tnEfm1WgIqlLzoiImYEKf4ra', 'balbalbal',
        default, default, default, default, 'token7', default, 1, default, 'Homme');

INSERT INTO FeediieUser VALUES
    (default, 'grjaze98e58conta5ab','Jeanne', '1985-04-11','jeanne@gmail.com','$2y$10$DMjYUV76Y7GYJlC45pTOKOG8UjFw.tnEfm1WgIqlLzoiImYEKf4ra', 'balbalbal',
        default, default, default, default, 'token8', default, 1, default, 'Femme');

INSERT INTO FeediieUser VALUES
    (default, 'hrjaze98e58conta5ab','Fred', '1985-04-11','fred@gmail.com','$2y$10$DMjYUV76Y7GYJlC45pTOKOG8UjFw.tnEfm1WgIqlLzoiImYEKf4ra', 'balbalbal',
        default, default, default, default, 'token9', default, 8, default, 'Transgender');

INSERT INTO FeediieUser VALUES
    (default, 'irjaze98e58conta5ab','Rookie', '1985-04-11','rookie@gmail.com','$2y$10$DMjYUV76Y7GYJlC45pTOKOG8UjFw.tnEfm1WgIqlLzoiImYEKf4ra', 'balbalbal',
        default, default, default, default, 'token10', default, 8, default, 'Animal');

INSERT INTO FeediieUser VALUES
    (default, 'jrjaze98e58conta5ab','Monique', '1985-04-11','monique@gmail.com','$2y$10$DMjYUV76Y7GYJlC45pTOKOG8UjFw.tnEfm1WgIqlLzoiImYEKf4ra', 'balbalbal',
        default, default, default, default, 'token11', default, 8, default, 'Femme');

INSERT INTO FeediieUser VALUES
    (default, 'krjaze98e58conta5ab','Sacha', '1985-04-11','sacha@gmail.com','$2y$10$DMjYUV76Y7GYJlC45pTOKOG8UjFw.tnEfm1WgIqlLzoiImYEKf4ra', 'balbalbal',
        default, default, default, default, 'token12', default, 7, default, 'Transgender');

INSERT INTO FeediieUser VALUES
    (default, 'lrjaze98e58conta5ab','Pikachu', '1985-04-11','pikachu@gmail.com','$2y$10$DMjYUV76Y7GYJlC45pTOKOG8UjFw.tnEfm1WgIqlLzoiImYEKf4ra', 'balbalbal',
        default, default, default, default, 'token13', default, 8, default, 'Animal');

INSERT INTO FeediieUser VALUES
    (default, 'lrjadze98e58conta5ab','Belle Delphine', '1985-04-11','belle@gmail.com','$2y$10$DMjYUV76Y7GYJlC45pTOKOG8UjFw.tnEfm1WgIqlLzoiImYEKf4ra', 'Tu veux l''eau de mon bain?',
        default, default, default, default, 'token14', default, 8, default, 'Femme');

INSERT INTO FeediieUser VALUES
    (default, 'lrjadze98e58conteazeazea5ab','Saitama', '1985-04-11','saitama@gmail.com','$2y$10$DMjYUV76Y7GYJlC45pTOKOG8UjFw.tnEfm1WgIqlLzoiImYEKf4ra', 'Je détruis les gens d''un seul poing',
        default, default, default, default, 'token1r', default, 8, default, 'Homme');

INSERT INTO LikedUser VALUES (2, 3, '2020-04-18 15:35:36', true);
INSERT INTO LikedUser VALUES (4, 2, '2020-04-18 13:54:36', true);
INSERT INTO LikedUser VALUES (2, 7, '2020-04-18 15:35:36', true);
INSERT INTO LikedUser VALUES (1, 9, '2020-04-18 15:35:36', true);
INSERT INTO LikedUser VALUES (7, 5, '2020-04-18 13:54:36', true);
INSERT INTO LikedUser VALUES (6, 1, '2020-04-18 13:54:36', true);
INSERT INTO LikedUser VALUES (5, 1, '2020-04-18 13:54:36', true);
INSERT INTO LikedUser VALUES (2, 5, '2020-04-18 13:54:36', false);
INSERT INTO LikedUser VALUES (5, 3, '2020-04-18 13:54:36', false);
INSERT INTO LikedUser VALUES (6, 2, '2020-04-18 13:54:36', false);


INSERT INTO Contact VALUES (default, 2, 3, 'Salut beau renard', '2020-04-18 17:35:36', true);
INSERT INTO Contact VALUES (default, 3, 2, 'Salut dattebayo!', '2020-04-18 17:38:36', false);
INSERT INTO Contact VALUES (default, 2, 4, 'Salut la planche!', '2020-04-18 17:35:36', true);
INSERT INTO Contact VALUES (default, 1, 5, 'J''adore ça !!', '2020-04-18 17:38:36', true);
INSERT INTO Contact VALUES (default, 1, 9, 'Aimes-tu le gras ?', '2020-04-18 17:38:36', true);
INSERT INTO Contact VALUES (default, 9, 1, 'T aimes quand la raclette dégoulinne ?', '2020-04-18 17:35:36', true);


INSERT INTO Dish VALUES (default, 'Pizza', '/Images/Dish/pizza.png');
INSERT INTO Dish VALUES (default, 'Pates', '/Images/Dish/pates.png');
INSERT INTO Dish VALUES (default, 'Pavé de boeuf', '/Images/Dish/paveboeuf.png');
INSERT INTO Dish VALUES (default, 'Tarte', '/Images/Dish/pie.png');
INSERT INTO Dish VALUES (default, 'Salade', '/Images/Dish/salade.png');
INSERT INTO Dish VALUES (default, 'Sushis', '/Images/Dish/sushis.png');
INSERT INTO Dish VALUES (default, 'Tacos Mexicains', '/Images/Dish/tacos.png');
INSERT INTO Dish VALUES (default, 'Chocolat', '/Images/Dish/chocolat.jpg');
INSERT INTO Dish VALUES (default, 'Raclette', '/Images/Dish/raclette.jpg');
INSERT INTO Dish VALUES (default, 'Pomme d''amour', '/Images/Dish/pommeAmour.jpg');
INSERT INTO Dish VALUES (default, 'Burger', '/Images/Dish/burger.png');
INSERT INTO Dish VALUES (default, 'Pancakes', '/Images/Dish/pancake.png');

INSERT INTO PersonalityDish VALUES (default,  'Sportif', '/Images/Personality/salad.png');
INSERT INTO PersonalityDish VALUES (default,  'Gourmand', '/Images/Personality/chocolat.jpg');
INSERT INTO PersonalityDish VALUES (default,  'Simple', '/Images/Personality/oeuf.png');
INSERT INTO PersonalityDish VALUES (default,  'Généreux', '/Images/Personality/pizza.png');
INSERT INTO PersonalityDish VALUES (default,  'Attentionné', '/Images/Personality/pommeAmour.jpg');
INSERT INTO PersonalityDish VALUES (default,  'Jaloux', '/Images/Personality/jaloux.png');
INSERT INTO PersonalityDish VALUES (default,  'Alcoolo', '/Images/Personality/vodka.png');
INSERT INTO PersonalityDish VALUES (default,  'Coquin', '/Images/Personality/peche.png');
INSERT INTO PersonalityDish VALUES (default,  'La famille c''est important', '/Images/Personality/dinde.png');
INSERT INTO PersonalityDish VALUES (default,  'Un peu foufou', '/Images/Personality/folle.png');
INSERT INTO PersonalityDish VALUES (default,  'Drole', '/Images/Personality/drole.png');
INSERT INTO PersonalityDish VALUES (default,  'Tout mignon, tout gentil', '/Images/Personality/mignon.png');

INSERT INTO Hobby VALUES(default, 'Animation japonaise');
INSERT INTO Hobby VALUES(default, 'Jeux-vidéos');
INSERT INTO Hobby VALUES(default, 'Cinema');
INSERT INTO Hobby VALUES(default, 'Série');
INSERT INTO Hobby VALUES(default, 'Cuisine');
INSERT INTO Hobby VALUES(default, 'Art Martial');
INSERT INTO Hobby VALUES(default, 'Technologie');
INSERT INTO Hobby VALUES(default, 'Danse');
INSERT INTO Hobby VALUES(default, 'Origami');
INSERT INTO Hobby VALUES(default, 'Maquillage');
INSERT INTO Hobby VALUES(default, 'Peinture');
INSERT INTO Hobby VALUES(default, 'Ping-pong');
INSERT INTO Hobby VALUES(default, 'Badminton');
INSERT INTO Hobby VALUES(default, 'Natation');
INSERT INTO Hobby VALUES(default, 'Rugby');
INSERT INTO Hobby VALUES(default, 'Foot');
INSERT INTO Hobby VALUES(default, 'Bowling');
INSERT INTO Hobby VALUES(default, 'Karate');
INSERT INTO Hobby VALUES(default, 'Jogging');
INSERT INTO Hobby VALUES(default, 'Electronique');
INSERT INTO Hobby VALUES(default, 'Potterie');
INSERT INTO Hobby VALUES(default, 'Photographie');
INSERT INTO Hobby VALUES(default, 'Tennis');
INSERT INTO Hobby VALUES(default, 'Billard');
INSERT INTO Hobby VALUES(default, 'Jeux de cartes');
INSERT INTO Hobby VALUES(default, 'Magie');
INSERT INTO Hobby VALUES(default, 'Puzzle');
INSERT INTO Hobby VALUES(default, 'Shopping');
INSERT INTO Hobby VALUES(default, 'Mechanique');
INSERT INTO Hobby VALUES(default, 'Tir à l''arc');
INSERT INTO Hobby VALUES(default, 'Pêche');
INSERT INTO Hobby VALUES(default, 'BasketBall');
INSERT INTO Hobby VALUES(default, 'HandBall');
INSERT INTO Hobby VALUES(default, 'Randonné');
INSERT INTO Hobby VALUES(default, 'Chasse');
INSERT INTO Hobby VALUES(default, 'Surf');
INSERT INTO Hobby VALUES(default, 'Ski');
INSERT INTO Hobby VALUES(default, 'BMX');
INSERT INTO Hobby VALUES(default, 'Equitation');
INSERT INTO Hobby VALUES(default, 'Boxe');
INSERT INTO Hobby VALUES(default, 'Jeux de société');
INSERT INTO Hobby VALUES(default, 'Kart');
INSERT INTO Hobby VALUES(default, 'Science');
INSERT INTO Hobby VALUES(default, 'Animaux');
INSERT INTO Hobby VALUES(default, 'Parachute');
INSERT INTO Hobby VALUES(default, 'Taekwondo');
INSERT INTO Hobby VALUES(default, 'Judo');
INSERT INTO Hobby VALUES(default, 'Soccer');
INSERT INTO Hobby VALUES(default, 'Yoga');
INSERT INTO Hobby VALUES(default, 'Dessin');
INSERT INTO Hobby VALUES(default, 'Sculpture');
INSERT INTO Hobby VALUES(default, 'Collection');
INSERT INTO Hobby VALUES(default, 'Calligraphie');
INSERT INTO Hobby VALUES(default, 'Parkour');
INSERT INTO Hobby VALUES(default, 'Canoë');
INSERT INTO Hobby VALUES(default, 'Kayak');
INSERT INTO Hobby VALUES(default, 'Escalade');
INSERT INTO Hobby VALUES(default, 'Alpinisme');
INSERT INTO Hobby VALUES(default, 'Camping');
INSERT INTO Hobby VALUES(default, 'Paintball');
INSERT INTO Hobby VALUES(default, 'Mode');
INSERT INTO Hobby VALUES(default, 'Jouets');
INSERT INTO Hobby VALUES(default, 'VolleyBall');
INSERT INTO Hobby VALUES(default, 'Skateboard');
INSERT INTO Hobby VALUES(default, 'Laser Game');
INSERT INTO Hobby VALUES(default, 'Water Polo');
INSERT INTO Hobby VALUES(default, 'Gymnastique');
INSERT INTO Hobby VALUES(default, 'Musculation');
INSERT INTO Hobby VALUES(default, 'Cross Fit');
INSERT INTO Hobby VALUES(default, 'Astronomie');
INSERT INTO Hobby VALUES(default, 'Chant');
INSERT INTO Hobby VALUES(default, 'Patin sur glace');
INSERT INTO Hobby VALUES(default, 'Roller');
INSERT INTO Hobby VALUES(default, 'Voyage');

INSERT INTO likeEat VALUES (1,1);
INSERT INTO likeEat VALUES (1,2);
INSERT INTO likeEat VALUES (1,3);
INSERT INTO likeEat VALUES (1,4);
INSERT INTO likeEat VALUES (2,1);
INSERT INTO likeEat VALUES (2,2);
INSERT INTO likeEat VALUES (2,3);
INSERT INTO likeEat VALUES (2,4);

INSERT INTO looklike VALUES (1,1);
INSERT INTO looklike VALUES (2,1);
INSERT INTO looklike VALUES (2,2);
INSERT INTO looklike VALUES (2,4);
INSERT INTO looklike VALUES (2,5);
INSERT INTO looklike VALUES (2,6);

INSERT INTO practice VALUES(1,1);

INSERT INTO interestedsex VALUES (1,'Femme');
INSERT INTO interestedsex VALUES (2,'Femme');
INSERT INTO interestedsex VALUES (3,'Femme');
INSERT INTO interestedsex VALUES (4,'Femme');
INSERT INTO interestedsex VALUES (5,'Femme');
INSERT INTO interestedsex VALUES (6,'Femme');
INSERT INTO interestedsex VALUES (7,'Femme');
INSERT INTO interestedsex VALUES (8,'Homme');
INSERT INTO interestedsex VALUES (9,'Femme');
INSERT INTO interestedsex VALUES (9,'Animal');
INSERT INTO interestedsex VALUES (13,'Animal');
INSERT INTO interestedsex VALUES (14,'Femme');
INSERT INTO interestedsex VALUES (15,'Femme');

INSERT INTO followDiet VALUES (15,1);

INSERT INTO interestedRelationType VALUES (1,'1');
INSERT INTO interestedRelationType VALUES (2,'1');
INSERT INTO interestedRelationType VALUES (3,'1');
INSERT INTO interestedRelationType VALUES (4,'1');
INSERT INTO interestedRelationType VALUES (5,'2');
INSERT INTO interestedRelationType VALUES (6,'2');
INSERT INTO interestedRelationType VALUES (7,'1');
INSERT INTO interestedRelationType VALUES (8,'1');
INSERT INTO interestedRelationType VALUES (9,'3');
INSERT INTO interestedRelationType VALUES (10,'2');
INSERT INTO interestedRelationType VALUES (14,'1');
INSERT INTO interestedRelationType VALUES (15,'1');

INSERT INTO photo VALUES (default, '/Images/UserUpload/lrjadze98e58conta5ab/1.jpg', true, 14);
INSERT INTO photo VALUES (default, '/Images/UserUpload/frjaze98e58conta5ab/1.png', true, 7);
INSERT INTO photo VALUES (default, '/Images/UserUpload/lrjadze98e58conteazeazea5ab/1.png', true, 15);




